date_expiration_estimee,acheteur,objet_du_marche,montant_eur,accord_cadre,famille_achat,dept
2027-03-31,INSTITUT NATIONAL DE L'AUDIOVISUEL (INA),PRESTATIONS D'IMPRESSION A LA DEMANDE ET SERVICES CONNEXES POUR L'INA,500000000,True,"Conseil, marketing, recrutement",94
2027-03-31,COMMUNE D AVIGNON,"FOURNITURE, INSTALLATION ET MAINTENANCE DES DISPOSITIF DE SURETE/SECURITE URBAINES ET BATIMENTAIRES ET SERVICES NUMERIQUES CONNEXES",200000000,True,Électronique,84
2027-03-31,COMMUNE DE DRANCY,"Fourniture, installation et maintenance des dispositifs de sûreté / sécurité urbaines",200000000,True,CPV 34,93
2027-03-31,COMMUNE DE GENNEVILLIERS,FOURNITURE INSTALLATION ET MAINTENANCE DES DISPOSITIFS DE SÛRETÉ SECURITE URBAINES ET BATIMENTAIRES ET SERVICES NUMERIQUES CONNEXES,200000000,True,Électronique,92
2027-03-31,RESEAU DES ACHETEURS HOSPITALIERS (RESAH),"La présente consultation a pour objet la mise à disposition de personnel intérimaire et la réalisation de prestations de placement à court terme dans les domaines paramédical et médico-administratif en Île-de-France - 2024-R088-001-000 : Personnel de bloc opératoire et anesthésie – Départements 75, 92, 93, 94 et 95 – Lot Exclusif",72600000,True,"Conseil, marketing, recrutement",77
2027-03-31,COLLECTIVITE DE CORSE,22DA0124 EMISSION CESU AUTONOMIE APA ET PCH,61720000,True,Santé et social,20
2027-03-31,COLLECTIVITE DE CORSE,22DA0124 EMISSION CESU AUTONOMIE APA ET PCH,61720000,False,Santé et social,20
2027-03-31,UNION DES GROUPEMENTS D'ACHATS PUBLICS (UGAP) (UGAP),Distribution de vêtements professionnels et d’EPI avec visibilité des stocks en ligne et prestations annexes ,60000000,True,CPV 35,90
2027-03-31,COMMUNE DE BERNEX,FOURNITURE D'ELECTRICITE ET SERVICES ASSOCIES (BATIMENTS ET ECLAIRAGE PUBLIC),58600000,True,CPV 09,74
2027-03-31,SYNDICAT DEPARTEMENTAL DES ENERGIES DE SEINE-ET-MARNE (SDESM),IRVE infrastructure recharge pour véhicule élec,53100000,True,CPV 31,11
2027-03-31,SYNDICAT DEPARTEMENTAL DES ENERGIES DE SEINE-ET-MARNE (SDESM),IRVE infrastructure recharge pour véhicule élec,53100000,False,CPV 31,11
2027-03-31,FEDERAT NAT CTRE LUTTE CONTRE LE CANCER (FNCLCC),Mise à disposition de solutions numériques autour du patient pour les centres de lutte contre le cancer (CLCC) et établissements affiliés (EA),50000000,False,Services informatiques,75
2027-03-31,COMMUNE DE COLOMBES,"FOURNITURE, INSTALLATION ET MAINTENANCE DES DISPOSITIFS DE SURETE-/SECURITE URBAINES ET BATIMENTAIRES ET SERVICES NUMÉRI",50000000,True,Travaux de construction,92
2027-03-31,COMMUNE DE CHAMBOURCY,INSTALLATION DES DISPOSITIFS DE SURETE SECURITE URBAINE,50000000,False,CPV 35,78
2027-03-31,RESEAU DES ACHETEURS HOSPITALIERS (RESAH),"La présente consultation a pour objet la mise à disposition de personnel intérimaire et la réalisation de prestations de placement à court terme dans les domaines paramédical et médico-administratif en Île-de-France - 2024-R088-002-000 : Personnel de bloc opératoire et anesthésie – Départements 75, 92, 93, 94 et 95 – Lot Non-Exclusif",48400000,True,"Conseil, marketing, recrutement",77
2027-03-31,RESEAU DES ACHETEURS HOSPITALIERS (RESAH),"La présente consultation a pour objet la mise à disposition de personnel intérimaire et la réalisation de prestations de placement à court terme dans les domaines paramédical et médico-administratif en Île-de-France - 2024-R088-002-000 : Personnel de bloc opératoire et anesthésie – Départements 75, 92, 93, 94 et 95 – Lot Non-Exclusif",48400000,True,"Conseil, marketing, recrutement",77
2027-03-31,RESEAU DES ACHETEURS HOSPITALIERS (RESAH),"La présente consultation a pour objet la mise à disposition de personnel intérimaire et la réalisation de prestations de placement à court terme dans les domaines paramédical et médico-administratif en Île-de-France - 2024-R088-002-000 : Personnel de bloc opératoire et anesthésie – Départements 75, 92, 93, 94 et 95 – Lot Non-Exclusif",48400000,True,"Conseil, marketing, recrutement",77
2027-03-31,RESEAU DES ACHETEURS HOSPITALIERS (RESAH),"La présente consultation a pour objet la mise à disposition de personnel intérimaire et la réalisation de prestations de placement à court terme dans les domaines paramédical et médico-administratif en Île-de-France - 2024-R088-002-000 : Personnel de bloc opératoire et anesthésie – Départements 75, 92, 93, 94 et 95 – Lot Non-Exclusif",48400000,True,"Conseil, marketing, recrutement",77
2027-03-31,RESEAU DES ACHETEURS HOSPITALIERS (RESAH),"La présente consultation a pour objet la mise à disposition de personnel intérimaire et la réalisation de prestations de placement à court terme dans les domaines paramédical et médico-administratif en Île-de-France - 2024-R088-002-000 : Personnel de bloc opératoire et anesthésie – Départements 75, 92, 93, 94 et 95 – Lot Non-Exclusif",48400000,True,"Conseil, marketing, recrutement",77
2027-03-31,RESEAU DES ACHETEURS HOSPITALIERS (RESAH),"La présente consultation a pour objet la mise à disposition de personnel intérimaire et la réalisation de prestations de placement à court terme dans les domaines paramédical et médico-administratif en Île-de-France - 2024-R088-002-000 : Personnel de bloc opératoire et anesthésie – Départements 75, 92, 93, 94 et 95 – Lot Non-Exclusif",48400000,True,"Conseil, marketing, recrutement",77
2027-03-31,RESEAU DES ACHETEURS HOSPITALIERS (RESAH),"La présente consultation a pour objet la mise à disposition de personnel intérimaire et la réalisation de prestations de placement à court terme dans les domaines paramédical et médico-administratif en Île-de-France - 2024-R088-002-000 : Personnel de bloc opératoire et anesthésie – Départements 75, 92, 93, 94 et 95 – Lot Non-Exclusif",48400000,True,"Conseil, marketing, recrutement",77
2027-03-31,RESEAU DES ACHETEURS HOSPITALIERS (RESAH),"La présente consultation a pour objet la mise à disposition de personnel intérimaire et la réalisation de prestations de placement à court terme dans les domaines paramédical et médico-administratif en Île-de-France - 2024-R088-002-000 : Personnel de bloc opératoire et anesthésie – Départements 75, 92, 93, 94 et 95 – Lot Non-Exclusif",48400000,True,"Conseil, marketing, recrutement",77
2027-03-31,RESEAU DES ACHETEURS HOSPITALIERS (RESAH),"La présente consultation a pour objet la mise à disposition de personnel intérimaire et la réalisation de prestations de placement à court terme dans les domaines paramédical et médico-administratif en Île-de-France - 2024-R088-002-000 : Personnel de bloc opératoire et anesthésie – Départements 75, 92, 93, 94 et 95 – Lot Non-Exclusif",48400000,True,"Conseil, marketing, recrutement",77
2027-03-31,RESEAU DES ACHETEURS HOSPITALIERS (RESAH),"La présente consultation a pour objet la mise à disposition de personnel intérimaire et la réalisation de prestations de placement à court terme dans les domaines paramédical et médico-administratif en Île-de-France - 2024-R088-002-000 : Personnel de bloc opératoire et anesthésie – Départements 75, 92, 93, 94 et 95 – Lot Non-Exclusif",48400000,True,"Conseil, marketing, recrutement",77
2027-03-31,RESEAU DES ACHETEURS HOSPITALIERS (RESAH),"La présente consultation a pour objet la mise à disposition de personnel intérimaire et la réalisation de prestations de placement à court terme dans les domaines paramédical et médico-administratif en Île-de-France - 2024-R088-002-000 : Personnel de bloc opératoire et anesthésie – Départements 75, 92, 93, 94 et 95 – Lot Non-Exclusif",48400000,True,"Conseil, marketing, recrutement",77
2027-03-31,RESEAU DES ACHETEURS HOSPITALIERS (RESAH),"La présente consultation a pour objet la mise à disposition de personnel intérimaire et la réalisation de prestations de placement à court terme dans les domaines paramédical et médico-administratif en Île-de-France - 2024-R088-002-000 : Personnel de bloc opératoire et anesthésie – Départements 75, 92, 93, 94 et 95 – Lot Non-Exclusif",48400000,True,"Conseil, marketing, recrutement",77
2027-03-31,RESEAU DES ACHETEURS HOSPITALIERS (RESAH),"La présente consultation a pour objet la mise à disposition de personnel intérimaire et la réalisation de prestations de placement à court terme dans les domaines paramédical et médico-administratif en Île-de-France - 2024-R088-002-000 : Personnel de bloc opératoire et anesthésie – Départements 75, 92, 93, 94 et 95 – Lot Non-Exclusif",48400000,True,"Conseil, marketing, recrutement",77
2027-03-31,RESEAU DES ACHETEURS HOSPITALIERS (RESAH),"La présente consultation a pour objet la mise à disposition de personnel intérimaire et la réalisation de prestations de placement à court terme dans les domaines paramédical et médico-administratif en Île-de-France - 2024-R088-002-000 : Personnel de bloc opératoire et anesthésie – Départements 75, 92, 93, 94 et 95 – Lot Non-Exclusif",48400000,True,"Conseil, marketing, recrutement",77
2027-03-31,RESEAU DES ACHETEURS HOSPITALIERS (RESAH),"La présente consultation a pour objet la mise à disposition de personnel intérimaire et la réalisation de prestations de placement à court terme dans les domaines paramédical et médico-administratif en Île-de-France - 2024-R088-002-000 : Personnel de bloc opératoire et anesthésie – Départements 75, 92, 93, 94 et 95 – Lot Non-Exclusif",48400000,True,"Conseil, marketing, recrutement",77
2027-03-31,RESEAU DES ACHETEURS HOSPITALIERS (RESAH),"La présente consultation a pour objet la mise à disposition de personnel intérimaire et la réalisation de prestations de placement à court terme dans les domaines paramédical et médico-administratif en Île-de-France - 2024-R088-002-000 : Personnel de bloc opératoire et anesthésie – Départements 75, 92, 93, 94 et 95 – Lot Non-Exclusif",48400000,True,"Conseil, marketing, recrutement",77
2027-03-31,RESEAU DES ACHETEURS HOSPITALIERS (RESAH),"La présente consultation a pour objet la mise à disposition de personnel intérimaire et la réalisation de prestations de placement à court terme dans les domaines paramédical et médico-administratif en Île-de-France - 2024-R088-002-000 : Personnel de bloc opératoire et anesthésie – Départements 75, 92, 93, 94 et 95 – Lot Non-Exclusif",48400000,True,"Conseil, marketing, recrutement",77
2027-03-31,SOC IMMOB & AMENAGEM BARSURAUBOIS & AUBE (SIABA),Lot 01 - VRD,43397740,False,Travaux de construction,10
2027-03-31,SOCIETE D'ECONOMIE MIXTE POUR LE DEVELOPPEMENT ORLEANAIS S.E.M.D.O (S.E.M.D.O),"Travaux pour la création du « Pôle étudiants - ilot 16 » du CAMPUS de l'UFR Droit, Économie et Gestion au sein de la ZAC Carmes Madeleine à Orléans à l'ancien emplacement de l'hôpital Porte Madeleine",40089879,False,Travaux de construction,45
2027-03-31,REGIE PARCS D'AZUR (RPA),EXPLOIT-PRESTATIONS DE PERSONNEL INTERIMAIRE,39999996,True,"Conseil, marketing, recrutement",06
2027-03-31,REGIE PARCS D'AZUR (RPA),EXPLOIT-PRESTATIONS DE PERSONNEL INTERIMAIRE,39999996,False,"Conseil, marketing, recrutement",06
2027-03-31,RESEAU DES ACHETEURS HOSPITALIERS (RESAH),"La présente consultation a pour objet la mise à disposition de personnel intérimaire et la réalisation de prestations de placement à court terme dans les domaines paramédical et médico-administratif en Île-de-France - 2024-R088-007-000 : Personnel de bloc opératoire et anesthésie – Départements 77, 78 et 91 – Lot Exclusif",36100000,True,"Conseil, marketing, recrutement",77
2027-03-31,SAVOIE DECHETS,CONCEPTION REALISATION D UN NOUVEAU CENTRE DE TRI DES COLLECTES SELECTIVES,34988722,False,Services d'architecture et ingénierie,73
2027-03-31,SAVOIE DECHETS,CONCEPTION REALISATION D UN NOUVEAU CENTRE DE TRI DES COLLECTES SELECTIVES,34988722,False,Services d'architecture et ingénierie,73
2027-03-31,SAVOIE DECHETS,CONCEPTION REALISATION D UN NOUVEAU CENTRE DE TRI DES COLLECTES SELECTIVES,33999785,False,Services d'architecture et ingénierie,73
2027-03-31,SAVOIE DECHETS,CONCEPTION REALISATION D UN NOUVEAU CENTRE DE TRI DES COLLECTES SELECTIVES,33999785,False,Services d'architecture et ingénierie,73
2027-03-31,SAVOIE DECHETS,CONCEPTION REALISATION D UN NOUVEAU CENTRE DE TRI DES COLLECTES SELECTIVES,33999785,False,Services d'architecture et ingénierie,73
2027-03-31,COMMUNAUTE DE COMMUNES TERRE DE CAMARGUE,"Réalisation de travaux d'eau potable, d'eau brute et d'assainissement y compris quelques réseaux secs si nécessaire de la Communauté de Communes Terre de Camargue",30000000,True,CPV 44,30
2027-03-31,COMMUNE DE NICE,"LOT 1 - ACHAT, INSTALLATION ET MAINTENANCE DES EQUIPEMENTS DE TERRAIN ET SOLUTIONS LOGICIELLES DE VIDEOPROTECTION ET DE VIDEOSURVEILLANCE",30000000,True,Électronique,06
2027-03-31,COMMUNAUTE DE COMMUNES TERRE DE CAMARGUE,"Réalisation de travaux d'eau potable, d'eau brute et d'assainissement y compris quelques réseaux secs si nécessaire de la Communauté de Communes Terre de Camargue",30000000,True,CPV 44,30
2027-03-31,COMMUNAUTE DE COMMUNES DU VAL DE SARTHE,Accord-cadre : achat de matériel informatique reconditionné,30000000,True,Informatique (matériel),72
2027-03-31,AGENCE DU NUMERIQUE EN SANTE (ANS),Prestations d'assistance au pilotage de programmes et de projets de l'ANS,30000000,False,Transports,11
2027-03-31,COMMUNE DE NICE,"LOT 1 - ACHAT, INSTALLATION ET MAINTENANCE DES EQUIPEMENTS DE TERRAIN ET SOLUTIONS LOGICIELLES DE VIDEOPROTECTION ET DE VIDEOSURVEILLANCE",30000000,False,Électronique,06
2027-03-31,COMMUNAUTE DE COMMUNES TERRE DE CAMARGUE,"Réalisation de travaux d'eau potable, d'eau brute et d'assainissement y compris quelques réseaux secs si nécessaire de la Communauté de Communes Terre de Camargue",30000000,False,CPV 44,30
2027-03-31,CENTRALE D'ACHAT DE L'INFORMATIQUE HOSPITALIERE (C.A.I.H.),"Marché seconde main - Lot 1 : Acquisition d'ordinateurs de type ordinateurs de bureau, ordinateurs portables et moniteurs reconditionnés, et réemploi de matériels",30000000,True,Informatique (matériel),
2027-03-31,CENTRALE D'ACHAT DE L'INFORMATIQUE HOSPITALIERE (C.A.I.H.),Marché seconde main - Lot 2 Acquisition de serveurs informatique reconditionnés,30000000,True,Logiciels et services informatiques,
2027-03-31,CENTRE HOSPITALIER D ANGOULEME,Marché seconde main - Lot 3 Acquisition de matériels de stockage informatique reconditionnés,30000000,True,Informatique (matériel),
2027-03-31,CENTRE HOSPITALIER D ANGOULEME,"Marché seconde main - Lot 1 : Acquisition d'ordinateurs de type ordinateurs de bureau, ordinateurs portables et moniteurs reconditionnés, et réemploi de matériels",30000000,True,Informatique (matériel),
2027-03-31,CENTRE HOSPITALIER D ANGOULEME,"Marché seconde main - Lot 5 Acquisition téléphones, smartphones, tablettes, ... reconditionnés",30000000,True,Électronique,
2027-03-31,CENTRE HOSPITALIER D ANGOULEME,Marché seconde main - Lot 4 Acquisition d'éléments actifs de réseau et de télécom reconditionnés,30000000,True,Électronique,
2027-03-31,REGION PROVENCE-ALPES-COTE D'AZUR,MARCHE SUBSEQUENT 1 A L ACCORD CADRE (240137/240138/240139) POUR L ACHEMINEMENT ET LA FOURNITURE D ELECTRICITE DANS LE CADRE DE LA CENTRALE D ACHAT DE LA REGION PROVENCE ALPES COTE D AZUR ASSOCIANT DES ETABLISSEMENTS PUBLICS LOCAUX D ENSEIGNEMENT (EPLE),30000000,True,CPV 09,13
2027-03-31,COLLECTIVITE DE CORSE,Travaux spéciaux et acrobatiques dans le cadre de la maintenance du patrimoine routier de la Collectivité de Corse situé en zone amiantifère ,30000000,True,Travaux de construction,20
2027-03-31,METROPOLE NICE COTE D AZUR,GB TRAMWAY LIGNE 1 - MR02 - RALLONGEMENT DE 13 RAMES,27200000,False,CPV 34,06
2027-03-31,METROPOLE NICE COTE D AZUR,GB TRAMWAY LIGNE 1 - MR02 - RALLONGEMENT DE 13 RAMES,27200000,False,CPV 34,06
2027-03-31,FEDERAT NAT CTRE LUTTE CONTRE LE CANCER (FNCLCC),"Fourniture, livraison, installation, mise en service, maintenance d'IRM, de scanner, de mammographes, de tables de macrobiopsie et d'échographes dédiés à la sénologie pour les CLCC et les EA: Lot 1: IRM 1.5 Tesla et équipements complémentaires associés",27000000,True,CPV 33,11
2027-03-31,CENTRE HOSPITALIER DE BEZIERS,DMNG3 - CGS - JCE BIOTECHNOLOGY,26969671,True,CPV 33,34
